{
  "query": "2024년 재무위험관리 내용 알려줘",
  "query_terms": [
    "재무위험관리"
  ],
  "query_year": 2024,
  "target": {
    "chunk_id": "2014_note_32_28_chunk_2",
    "year": 2014,
    "title": "32. 재무위험관리 :",
    "final_score": 1.313755078315735,
    "dense_score": 0.6437550783157349
  },
  "baseline_status": "normal_competition",
  "valid_rank_threshold": 3,
  "reader_proxy": {
    "retrieval_weight": 1.0,
    "position_penalty": 0.35,
    "score_source": "final",
    "note": "reader-stage actual LLM score가 아니라 retrieval score와 burial penalty를 결합한 proxy입니다."
  },
  "retrieval_results": [
    {
      "level_name": "L0_weak_competition",
      "pool_size": 6,
      "target_raw_score": 1.313755078315735,
      "target_dense_score": 0.6437550783157349,
      "target_support_prob": 0.26515960977606196,
      "target_rank": 1,
      "is_top1": true,
      "strongest_rival_chunk_id": "2024_note_13_12_chunk_0",
      "strongest_rival_score": 0.746263828277588,
      "margin_vs_rival": 0.567491250038147,
      "top3_chunk_ids": [
        "2014_note_32_28_chunk_2",
        "2024_note_13_12_chunk_0",
        "2024_note_7_6_chunk_0"
      ]
    },
    {
      "level_name": "L1_near_rival",
      "pool_size": 7,
      "target_raw_score": 1.313755078315735,
      "target_dense_score": 0.6437550783157349,
      "target_support_prob": 0.20970302708722036,
      "target_rank": 1,
      "is_top1": true,
      "strongest_rival_chunk_id": "2022_note_28_27_chunk_0",
      "strongest_rival_score": 1.3110864591598512,
      "margin_vs_rival": 0.002668619155883789,
      "top3_chunk_ids": [
        "2014_note_32_28_chunk_2",
        "2022_note_28_27_chunk_0",
        "2024_note_13_12_chunk_0"
      ]
    },
    {
      "level_name": "L2_topical_crowding",
      "pool_size": 10,
      "target_raw_score": 1.313755078315735,
      "target_dense_score": 0.6437550783157349,
      "target_support_prob": 0.11428035768454915,
      "target_rank": 2,
      "is_top1": false,
      "strongest_rival_chunk_id": "2024_note_28_27_chunk_0",
      "strongest_rival_score": 1.4201342248916629,
      "margin_vs_rival": -0.10637914657592784,
      "top3_chunk_ids": [
        "2024_note_28_27_chunk_0",
        "2014_note_32_28_chunk_2",
        "2022_note_28_27_chunk_0"
      ]
    },
    {
      "level_name": "L3_year_sensitive_pressure",
      "pool_size": 11,
      "target_raw_score": 1.313755078315735,
      "target_dense_score": 0.6437550783157349,
      "target_support_prob": 0.09989308461918185,
      "target_rank": 2,
      "is_top1": false,
      "strongest_rival_chunk_id": "2024_note_28_27_chunk_0",
      "strongest_rival_score": 1.4201342248916629,
      "margin_vs_rival": -0.10637914657592784,
      "top3_chunk_ids": [
        "2024_note_28_27_chunk_0",
        "2014_note_32_28_chunk_2",
        "2022_note_28_27_chunk_0"
      ]
    }
  ],
  "position_results": [
    {
      "competition_level": "L0_weak_competition",
      "position_level": "front",
      "context_size": 6,
      "target_reader_logit": 1.1943071485792232,
      "target_reader_support_prob": 0.29110681730687293,
      "target_reader_rank": 1,
      "is_top1": true,
      "strongest_rival_chunk_id": "2024_section_7_chunk_4",
      "strongest_rival_reader_logit": 0.5935378282432126,
      "margin_vs_rival": 0.6007693203360106,
      "target_burial_score": 0.341279799247177,
      "top3_chunk_ids": [
        "2014_note_32_28_chunk_2",
        "2024_section_7_chunk_4",
        "2024_note_13_12_chunk_0"
      ]
    },
    {
      "competition_level": "L0_weak_competition",
      "position_level": "middle",
      "context_size": 6,
      "target_reader_logit": 1.1319483029079558,
      "target_reader_support_prob": 0.2582805200351037,
      "target_reader_rank": 1,
      "is_top1": true,
      "strongest_rival_chunk_id": "2024_note_13_12_chunk_0",
      "strongest_rival_reader_logit": 0.7387983326690559,
      "margin_vs_rival": 0.39314997023889986,
      "target_burial_score": 0.5194479297365119,
      "top3_chunk_ids": [
        "2014_note_32_28_chunk_2",
        "2024_note_13_12_chunk_0",
        "2024_note_7_6_chunk_0"
      ]
    },
    {
      "competition_level": "L0_weak_competition",
      "position_level": "back",
      "context_size": 6,
      "target_reader_logit": 1.1943071485792232,
      "target_reader_support_prob": 0.26452103613532246,
      "target_reader_rank": 1,
      "is_top1": true,
      "strongest_rival_chunk_id": "2024_note_13_12_chunk_0",
      "strongest_rival_reader_logit": 0.7387983326690559,
      "margin_vs_rival": 0.45550881591016723,
      "target_burial_score": 0.341279799247177,
      "top3_chunk_ids": [
        "2014_note_32_28_chunk_2",
        "2024_note_13_12_chunk_0",
        "2024_note_7_6_chunk_0"
      ]
    },
    {
      "competition_level": "L1_near_rival",
      "position_level": "front",
      "context_size": 7,
      "target_reader_logit": 1.2226545998468354,
      "target_reader_support_prob": 0.23842254249633055,
      "target_reader_rank": 1,
      "is_top1": true,
      "strongest_rival_chunk_id": "2022_note_28_27_chunk_0",
      "strongest_rival_reader_logit": 1.0458233012651144,
      "margin_vs_rival": 0.17683129858172109,
      "target_burial_score": 0.2602870813397129,
      "top3_chunk_ids": [
        "2014_note_32_28_chunk_2",
        "2022_note_28_27_chunk_0",
        "2024_section_7_chunk_4"
      ]
    },
    {
      "competition_level": "L1_near_rival",
      "position_level": "middle",
      "context_size": 7,
      "target_reader_logit": 1.0089703893205197,
      "target_reader_support_prob": 0.18726974322937215,
      "target_reader_rank": 2,
      "is_top1": false,
      "strongest_rival_chunk_id": "2022_note_28_27_chunk_0",
      "strongest_rival_reader_logit": 1.2280242582029135,
      "margin_vs_rival": -0.21905386888239375,
      "target_burial_score": 0.8708133971291866,
      "top3_chunk_ids": [
        "2022_note_28_27_chunk_0",
        "2014_note_32_28_chunk_2",
        "2024_section_7_chunk_4"
      ]
    },
    {
      "competition_level": "L1_near_rival",
      "position_level": "back",
      "context_size": 7,
      "target_reader_logit": 1.2226545998468354,
      "target_reader_support_prob": 0.22610156086890343,
      "target_reader_rank": 2,
      "is_top1": false,
      "strongest_rival_chunk_id": "2022_note_28_27_chunk_0",
      "strongest_rival_reader_logit": 1.2280242582029135,
      "margin_vs_rival": -0.005369658356078055,
      "target_burial_score": 0.2602870813397129,
      "top3_chunk_ids": [
        "2022_note_28_27_chunk_0",
        "2014_note_32_28_chunk_2",
        "2024_note_13_12_chunk_0"
      ]
    },
    {
      "competition_level": "L2_topical_crowding",
      "position_level": "front",
      "context_size": 10,
      "target_reader_logit": 1.2604814353386784,
      "target_reader_support_prob": 0.12619554091871232,
      "target_reader_rank": 2,
      "is_top1": false,
      "strongest_rival_chunk_id": "2024_note_28_27_chunk_0",
      "strongest_rival_reader_logit": 1.2663849243880254,
      "margin_vs_rival": -0.0059034890493470105,
      "target_burial_score": 0.15221040850587575,
      "top3_chunk_ids": [
        "2024_note_28_27_chunk_0",
        "2014_note_32_28_chunk_2",
        "2015_note_32_31_chunk_0"
      ]
    },
    {
      "competition_level": "L2_topical_crowding",
      "position_level": "middle",
      "context_size": 10,
      "target_reader_logit": 1.028584401203256,
      "target_reader_support_prob": 0.09948120739773478,
      "target_reader_rank": 6,
      "is_top1": false,
      "strongest_rival_chunk_id": "2024_note_28_27_chunk_0",
      "strongest_rival_reader_logit": 1.3729322103421384,
      "margin_vs_rival": -0.3443478091388825,
      "target_burial_score": 0.8147733631785115,
      "top3_chunk_ids": [
        "2024_note_28_27_chunk_0",
        "2015_note_32_31_chunk_0",
        "2022_note_28_27_chunk_0"
      ]
    },
    {
      "competition_level": "L2_topical_crowding",