{
  "query": "2024년 충당부채는 어떤 내용이야?",
  "query_terms": [
    "충당부채는",
    "충당부채",
    "내용이"
  ],
  "query_year": 2024,
  "target": {
    "chunk_id": "2014_note_32_28_chunk_2",
    "year": 2014,
    "title": "32. 재무위험관리 :",
    "final_score": 0.408569039106369,
    "dense_score": 0.438569039106369
  },
  "baseline_status": "target_mismatch_diagnostic",
  "valid_rank_threshold": 3,
  "results": [
    {
      "level_name": "L0_weak_competition",
      "pool_size": 6,
      "target_raw_score": 0.408569039106369,
      "target_dense_score": 0.438569039106369,
      "target_support_prob": 0.12565098530463237,
      "target_rank": 6,
      "is_top1": false,
      "strongest_rival_chunk_id": "2024_note_17_16_chunk_0",
      "strongest_rival_score": 0.7759261393547059,
      "margin_vs_rival": -0.3673571002483369,
      "top3_chunk_ids": [
        "2024_note_17_16_chunk_0",
        "2024_note_12_11_chunk_0",
        "2024_section_7_chunk_9"
      ]
    },
    {
      "level_name": "L1_near_rival",
      "pool_size": 6,
      "target_raw_score": 0.408569039106369,
      "target_dense_score": 0.438569039106369,
      "target_support_prob": 0.12565098530463237,
      "target_rank": 6,
      "is_top1": false,
      "strongest_rival_chunk_id": "2024_note_17_16_chunk_0",
      "strongest_rival_score": 0.7759261393547059,
      "margin_vs_rival": -0.3673571002483369,
      "top3_chunk_ids": [
        "2024_note_17_16_chunk_0",
        "2024_note_12_11_chunk_0",
        "2024_section_7_chunk_9"
      ]
    },
    {
      "level_name": "L2_topical_crowding",
      "pool_size": 10,
      "target_raw_score": 0.408569039106369,
      "target_dense_score": 0.438569039106369,
      "target_support_prob": 0.06840975268016337,
      "target_rank": 10,
      "is_top1": false,
      "strongest_rival_chunk_id": "2024_note_15_14_chunk_0",
      "strongest_rival_score": 0.9691728281974793,
      "margin_vs_rival": -0.5606037890911103,
      "top3_chunk_ids": [
        "2024_note_15_14_chunk_0",
        "2022_note_15_14_chunk_0",
        "2023_note_15_14_chunk_0"
      ]
    },
    {
      "level_name": "L3_year_sensitive_pressure",
      "pool_size": 9,
      "target_raw_score": 0.408569039106369,
      "target_dense_score": 0.438569039106369,
      "target_support_prob": 0.07563144067140098,
      "target_rank": 9,
      "is_top1": false,
      "strongest_rival_chunk_id": "2024_note_15_14_chunk_0",
      "strongest_rival_score": 0.9691728281974793,
      "margin_vs_rival": -0.5606037890911103,
      "top3_chunk_ids": [
        "2024_note_15_14_chunk_0",
        "2022_note_15_14_chunk_0",
        "2023_note_15_14_chunk_0"
      ]
    }
  ],
  "auto_explanation": [
    "baseline부터 target이 rank 6이므로, 현재 query에 대해 이 target은 경쟁 설명 대상이 아니라 target mismatch 후보로 보는 편이 맞습니다.",
    "baseline 최강 rival은 2024_note_17_16_chunk_0이고, margin은 -0.3674입니다. 즉 경쟁이 커져서 무너진 것이 아니라 처음부터 query-target 정합성이 약했습니다.",
    "같은 target을 유지한 competition 분석을 하려면 query를 고정해야 하고, query가 바뀌었다면 target도 다시 선택하는 것이 적절합니다."
  ]
}